<?xml version="1.0" encoding="UTF-8"?>
<!DOCTYPE struts-config PUBLIC "-//Apache Software Foundation//DTD Struts 
Configuration 1.3//EN" "http://struts.apache.org/dtds/struts-config_1_3.dtd">
<struts-config>
	<form-beans>
		<form-bean name="hienThiGiaiDoanForm" type="form.HienThiGiaiDoanForm" />
		<form-bean name="nhanVatSuKienForm" type="form.NhanVatSuKienForm" />
		<form-bean name="chiTietNhanVatSuKienForm" type="form.ChiTietNhanVatSuKienForm" />
		<form-bean name="loginForm" type="form.LoginForm" />
		<form-bean name="dangKyForm" type="form.DangKyForm" />
		<form-bean name="headerForm" type="form.HeaderForm" />
		<form-bean name="indexForm" type="form.IndexForm" />
		<form-bean name="ajaxNhanVatSuKienForm" type="form.AjaxNhanVatSuKienForm" />
		<form-bean name="ajaxGuiBinhLuanForm" type="form.AjaxGuiBinhLuanForm" />
		<form-bean name="ajaxShowBinhLuanForm" type="form.AjaxShowBinhLuanFrom" />
	</form-beans>
	<action-mappings>
	<action input="/thoiKy.jsp"
		    path="/thoi-ky" 
			type="action.HienThiGiaiDoanAction" 
			name="hienThiGiaiDoanForm" 
			scope="request" >
	 <forward name="success" path="/thoiKy.jsp"/>
	</action>

	<action input="/index.jsp"
		    path="/index" 
			type="action.IndexAction" 
			name="indexForm" 
			scope="request" >
	 <forward name="success" path="/index.jsp"/>
	</action>
	
	
	
	<action input="/nhanVatSuKien.jsp"
		    path="/nhan-vat-su-kien" 
			type="action.NhanVatSuKienAction" 
			name="nhanVatSuKienForm" 
			scope="request" >
	 <forward name="success" path="/nhanVatSuKien.jsp"/>
	</action>
	
	<action input="/chiTetNhanVatSuKien.jsp"
		    path="/chi-tet-nhan-vat-su-kien" 
			type="action.ChiTietNhanVatSuKienAction" 
			name="chiTietNhanVatSuKienForm" 
			scope="request" >
	 <forward name="success" path="/chiTetNhanVatSuKien.jsp"/>
	</action>
	


	<action input="/nhanVatSuKien.jsp"
		    path="/show-list-nv-sk" 
			type="action.AjaxNhanVatSuKienAction" 
			name="ajaxNhanVatSuKienForm" >
	</action>
	
	<action input="/chiTietNhanVatSuKien.jsp"
		    path="/gui-binh-luan" 
			type="action.AjaxGuiBinhLuanAction" 
			name="ajaxGuiBinhLuanForm" >
	</action>
	
		<action input="/chiTietNhanVatSuKien.jsp"
		    path="/show-binh-luan" 
			type="action.AjaxShowBinhLuanAction" 
			name="ajaxShowBinhLuanForm" >
	</action>
	
	
	<action input="/Login.jsp"
		    path="/login" 
			type="action.LoginAction" 
			name="loginForm" 
			scope="request" >
	 <forward name="success" path="/index.jsp" redirect="true"/>
     <forward name="failure" path="/dangNhap.jsp" />
	</action>
	
		<action input="/header.jsp"
		    path="/header" 
			type="action.HeaderAction" 
			name="headerForm" 
			scope="request" >
	 <forward name="success" path="/header.jsp"/> 
	</action>

	<action
		    path="/logout" 
			type="action.LogoutAction" 
			scope="request" >
	 <forward name="success" path="/index.html" redirect="true"/>
	</action>
	
	
	<action input="/dangKy.jsp"
		    path="/register" 
			type="action.DangKyAction" 
			name="dangKyForm" 
			scope="request" >
	 <forward name="success" path="/welcome.jsp" redirect="true"/>
     <forward name="failure" path="/dangKy.jsp" />
	</action>
	

	</action-mappings>
	

	
</struts-config>
